Archive_ID,Archive_Name,Archive_City,Archive_Region,Ticket_Cost
http://dati.beniculturali.it/mibact/luoghi/resource/CulturalInstituteOrSite/7183,Archivio di Stato di Reggio Emilia,http://dati.beniculturali.it/mibact/luoghi/resource/City/Reggio_nell_Emilia,http://dati.beniculturali.it/mibact/luoghi/resource/Region/Emilia-Romagna,Free Entry
http://dati.beniculturali.it/mibact/luoghi/resource/CulturalInstituteOrSite/125234,Archivio di Stato di Trento,http://dati.beniculturali.it/mibact/luoghi/resource/City/Trento,http://dati.beniculturali.it/mibact/luoghi/resource/Region/Trentino-Alto_Adige,Free Entry
http://dati.beniculturali.it/mibact/luoghi/resource/CulturalInstituteOrSite/116648,"Archivio di Stato di Bologna, Sezione di Imola",http://dati.beniculturali.it/mibact/luoghi/resource/City/Imola,http://dati.beniculturali.it/mibact/luoghi/resource/Region/Emilia-Romagna,Free Entry
http://dati.beniculturali.it/mibact/luoghi/resource/CulturalInstituteOrSite/133053,Archivio centrale dello Stato,http://dati.beniculturali.it/mibact/luoghi/resource/City/Roma,http://dati.beniculturali.it/mibact/luoghi/resource/Region/Lazio,Free Entry
http://dati.beniculturali.it/mibact/luoghi/resource/CulturalInstituteOrSite/20710,Archivio di Stato di Ancona. Sede distaccata,http://dati.beniculturali.it/mibact/luoghi/resource/City/Ancona,http://dati.beniculturali.it/mibact/luoghi/resource/Region/Marche,Free Entry
http://dati.beniculturali.it/mibact/luoghi/resource/CulturalInstituteOrSite/116654,Archivio di Stato di Catanzaro,http://dati.beniculturali.it/mibact/luoghi/resource/City/Catanzaro,http://dati.beniculturali.it/mibact/luoghi/resource/Region/Calabria,Free Entry
http://dati.beniculturali.it/mibact/luoghi/resource/CulturalInstituteOrSite/7182,Archivio di Stato di Ravenna. Sezione di Faenza,http://dati.beniculturali.it/mibact/luoghi/resource/City/Faenza,http://dati.beniculturali.it/mibact/luoghi/resource/Region/Emilia-Romagna,Free Entry
http://dati.beniculturali.it/mibact/luoghi/resource/CulturalInstituteOrSite/120709,Archivio di Stato di Siena,http://dati.beniculturali.it/mibact/luoghi/resource/City/Siena,http://dati.beniculturali.it/mibact/luoghi/resource/Region/Toscana,Free Entry
http://dati.beniculturali.it/mibact/luoghi/resource/CulturalInstituteOrSite/20682,Archivio di Stato di Roma. Sede distaccata,http://dati.beniculturali.it/mibact/luoghi/resource/City/Roma,http://dati.beniculturali.it/mibact/luoghi/resource/Region/Lazio,Free Entry
http://dati.beniculturali.it/mibact/luoghi/resource/CulturalInstituteOrSite/157959,Archivio di Stato di Messina,http://dati.beniculturali.it/mibact/luoghi/resource/City/Messina,http://dati.beniculturali.it/mibact/luoghi/resource/Region/Sicilia,Free Entry
http://dati.beniculturali.it/mibact/luoghi/resource/CulturalInstituteOrSite/135674,Archivio di Stato di Perugia. Sezione di Spoleto,http://dati.beniculturali.it/mibact/luoghi/resource/City/Spoleto,http://dati.beniculturali.it/mibact/luoghi/resource/Region/Umbria,Free Entry
http://dati.beniculturali.it/mibact/luoghi/resource/CulturalInstituteOrSite/110857,Archivio di Stato di Vercelli,http://dati.beniculturali.it/mibact/luoghi/resource/City/Vercelli,http://dati.beniculturali.it/mibact/luoghi/resource/Region/Piemonte,Free Entry
http://dati.beniculturali.it/mibact/luoghi/resource/CulturalInstituteOrSite/136273,Archivio di Stato dell'Aquila. Sezione di Sulmona,http://dati.beniculturali.it/mibact/luoghi/resource/City/Sulmona,http://dati.beniculturali.it/mibact/luoghi/resource/Region/Abruzzo,Free Entry
http://dati.beniculturali.it/mibact/luoghi/resource/CulturalInstituteOrSite/108166,Archivio di Stato di Latina,http://dati.beniculturali.it/mibact/luoghi/resource/City/Latina,http://dati.beniculturali.it/mibact/luoghi/resource/Region/Lazio,Free Entry
http://dati.beniculturali.it/mibact/luoghi/resource/CulturalInstituteOrSite/113120,Archivio di Stato di Trieste,http://dati.beniculturali.it/mibact/luoghi/resource/City/Trieste,http://dati.beniculturali.it/mibact/luoghi/resource/Region/Friuli-Venezia_Giulia,Free Entry
http://dati.beniculturali.it/mibact/luoghi/resource/CulturalInstituteOrSite/20703,Archivio di Stato di Brescia,http://dati.beniculturali.it/mibact/luoghi/resource/City/Brescia,http://dati.beniculturali.it/mibact/luoghi/resource/Region/Lombardia,Free Entry
http://dati.beniculturali.it/mibact/luoghi/resource/CulturalInstituteOrSite/20771,Archivio di Stato di Teramo,http://dati.beniculturali.it/mibact/luoghi/resource/City/Teramo,http://dati.beniculturali.it/mibact/luoghi/resource/Region/Abruzzo,Free Entry
http://dati.beniculturali.it/mibact/luoghi/resource/CulturalInstituteOrSite/7108,Archivio di Stato di Pistoia,http://dati.beniculturali.it/mibact/luoghi/resource/City/Pistoia,http://dati.beniculturali.it/mibact/luoghi/resource/Region/Toscana,Free Entry
http://dati.beniculturali.it/mibact/luoghi/resource/CulturalInstituteOrSite/20702,Archivio di Stato di Brindisi,http://dati.beniculturali.it/mibact/luoghi/resource/City/Brindisi,http://dati.beniculturali.it/mibact/luoghi/resource/Region/Puglia,Free Entry
http://dati.beniculturali.it/mibact/luoghi/resource/CulturalInstituteOrSite/116642,Archivio di Stato di Bergamo,http://dati.beniculturali.it/mibact/luoghi/resource/City/Bergamo,http://dati.beniculturali.it/mibact/luoghi/resource/Region/Lombardia,Free Entry
http://dati.beniculturali.it/mibact/luoghi/resource/CulturalInstituteOrSite/123670,Archivio di Stato di Milano,http://dati.beniculturali.it/mibact/luoghi/resource/City/Milano,http://dati.beniculturali.it/mibact/luoghi/resource/Region/Lombardia,Free Entry
http://dati.beniculturali.it/mibact/luoghi/resource/CulturalInstituteOrSite/116652,Archivio di Stato di Catania,http://dati.beniculturali.it/mibact/luoghi/resource/City/Catania,http://dati.beniculturali.it/mibact/luoghi/resource/Region/Sicilia,Free Entry
http://dati.beniculturali.it/mibact/luoghi/resource/CulturalInstituteOrSite/120075,Archivio di Stato di Forlì-Cesena,http://dati.beniculturali.it/mibact/luoghi/resource/City/Forli,http://dati.beniculturali.it/mibact/luoghi/resource/Region/Emilia-Romagna,Free Entry
http://dati.beniculturali.it/mibact/luoghi/resource/CulturalInstituteOrSite/20782,Archivio di Stato di Pavia,http://dati.beniculturali.it/mibact/luoghi/resource/City/Pavia,http://dati.beniculturali.it/mibact/luoghi/resource/Region/Lombardia,Free Entry
http://dati.beniculturali.it/mibact/luoghi/resource/CulturalInstituteOrSite/118926,Archivio di Stato di Udine,http://dati.beniculturali.it/mibact/luoghi/resource/City/Udine,http://dati.beniculturali.it/mibact/luoghi/resource/Region/Friuli-Venezia_Giulia,Free Entry
http://dati.beniculturali.it/mibact/luoghi/resource/CulturalInstituteOrSite/116635,Archivio di Stato di Ascoli Piceno,http://dati.beniculturali.it/mibact/luoghi/resource/City/Ascoli_Piceno,http://dati.beniculturali.it/mibact/luoghi/resource/Region/Marche,Free Entry
http://dati.beniculturali.it/mibact/luoghi/resource/CulturalInstituteOrSite/110858,Archivio di Stato di Vercelli. Sezione di Varallo,http://dati.beniculturali.it/mibact/luoghi/resource/City/Varallo,http://dati.beniculturali.it/mibact/luoghi/resource/Region/Piemonte,Free Entry
http://dati.beniculturali.it/mibact/luoghi/resource/CulturalInstituteOrSite/117164,Archivio di Stato di Modena,http://dati.beniculturali.it/mibact/luoghi/resource/City/Modena,http://dati.beniculturali.it/mibact/luoghi/resource/Region/Emilia-Romagna,Free Entry
http://dati.beniculturali.it/mibact/luoghi/resource/CulturalInstituteOrSite/20687,Archivio di Stato di Pesaro-Urbino. Sezione di Fano,http://dati.beniculturali.it/mibact/luoghi/resource/City/Fano,http://dati.beniculturali.it/mibact/luoghi/resource/Region/Marche,Free Entry
http://dati.beniculturali.it/mibact/luoghi/resource/CulturalInstituteOrSite/123557,Archivio di Stato di Treviso,http://dati.beniculturali.it/mibact/luoghi/resource/City/Treviso,http://dati.beniculturali.it/mibact/luoghi/resource/Region/Veneto,Free Entry
http://dati.beniculturali.it/mibact/luoghi/resource/CulturalInstituteOrSite/135675,Archivio di Stato di Perugia. Sezione di Foligno,http://dati.beniculturali.it/mibact/luoghi/resource/City/Foligno,http://dati.beniculturali.it/mibact/luoghi/resource/Region/Umbria,Free Entry
http://dati.beniculturali.it/mibact/luoghi/resource/CulturalInstituteOrSite/116637,Archivio di Stato di Bari,http://dati.beniculturali.it/mibact/luoghi/resource/City/Bari,http://dati.beniculturali.it/mibact/luoghi/resource/Region/Puglia,Free Entry
http://dati.beniculturali.it/mibact/luoghi/resource/CulturalInstituteOrSite/121406,Archivio di Stato di Foggia,http://dati.beniculturali.it/mibact/luoghi/resource/City/Foggia,http://dati.beniculturali.it/mibact/luoghi/resource/Region/Puglia,Free Entry
http://dati.beniculturali.it/mibact/luoghi/resource/CulturalInstituteOrSite/108210,Archivio di Stato di Salerno,http://dati.beniculturali.it/mibact/luoghi/resource/City/Salerno,http://dati.beniculturali.it/mibact/luoghi/resource/Region/Campania,Free Entry
http://dati.beniculturali.it/mibact/luoghi/resource/CulturalInstituteOrSite/20683,Archivio di Stato di Roma,http://dati.beniculturali.it/mibact/luoghi/resource/City/Roma,http://dati.beniculturali.it/mibact/luoghi/resource/Region/Lazio,Free Entry
http://dati.beniculturali.it/mibact/luoghi/resource/CulturalInstituteOrSite/126361,Archivio di Stato di Fermo,http://dati.beniculturali.it/mibact/luoghi/resource/City/Fermo,http://dati.beniculturali.it/mibact/luoghi/resource/Region/Marche,Free Entry
http://dati.beniculturali.it/mibact/luoghi/resource/CulturalInstituteOrSite/116632,Archivio di Stato di Ragusa,http://dati.beniculturali.it/mibact/luoghi/resource/City/Ragusa,http://dati.beniculturali.it/mibact/luoghi/resource/Region/Sicilia,Free Entry
http://dati.beniculturali.it/mibact/luoghi/resource/CulturalInstituteOrSite/20709,Archivio di Stato di Ancona. Sede distaccata,http://dati.beniculturali.it/mibact/luoghi/resource/City/Ancona,http://dati.beniculturali.it/mibact/luoghi/resource/Region/Marche,Free Entry
http://dati.beniculturali.it/mibact/luoghi/resource/CulturalInstituteOrSite/20001,Archivio di Stato di Nuoro,http://dati.beniculturali.it/mibact/luoghi/resource/City/Nuoro,http://dati.beniculturali.it/mibact/luoghi/resource/Region/Sardegna,Free Entry
http://dati.beniculturali.it/mibact/luoghi/resource/CulturalInstituteOrSite/108514,Archivio di Stato di Avellino,http://dati.beniculturali.it/mibact/luoghi/resource/City/Avellino,http://dati.beniculturali.it/mibact/luoghi/resource/Region/Campania,Free Entry
http://dati.beniculturali.it/mibact/luoghi/resource/CulturalInstituteOrSite/150069,Archivio di Stato di Sassari,http://dati.beniculturali.it/mibact/luoghi/resource/City/Sassari,http://dati.beniculturali.it/mibact/luoghi/resource/Region/Sardegna,Free Entry
http://dati.beniculturali.it/mibact/luoghi/resource/CulturalInstituteOrSite/6795,Archivio di Stato di Siracusa. Sezione di Noto,http://dati.beniculturali.it/mibact/luoghi/resource/City/Noto,http://dati.beniculturali.it/mibact/luoghi/resource/Region/Sicilia,Free Entry
http://dati.beniculturali.it/mibact/luoghi/resource/CulturalInstituteOrSite/120161,Archivio di Stato di Frosinone,http://dati.beniculturali.it/mibact/luoghi/resource/City/Frosinone,http://dati.beniculturali.it/mibact/luoghi/resource/Region/Lazio,Free Entry
http://dati.beniculturali.it/mibact/luoghi/resource/CulturalInstituteOrSite/20701,Archivio di stato di Cagliari,http://dati.beniculturali.it/mibact/luoghi/resource/City/Cagliari,http://dati.beniculturali.it/mibact/luoghi/resource/Region/Sardegna,Free Entry
http://dati.beniculturali.it/mibact/luoghi/resource/CulturalInstituteOrSite/106566,Archivio di Stato di Novara,http://dati.beniculturali.it/mibact/luoghi/resource/City/Novara,http://dati.beniculturali.it/mibact/luoghi/resource/Region/Piemonte,Free Entry
http://dati.beniculturali.it/mibact/luoghi/resource/CulturalInstituteOrSite/126358,Archivio di Stato di Cuneo,http://dati.beniculturali.it/mibact/luoghi/resource/City/Cuneo,http://dati.beniculturali.it/mibact/luoghi/resource/Region/Piemonte,Free Entry
http://dati.beniculturali.it/mibact/luoghi/resource/CulturalInstituteOrSite/116633,Archivio di Stato di Ragusa. Sezione di Modica,http://dati.beniculturali.it/mibact/luoghi/resource/City/Modica,http://dati.beniculturali.it/mibact/luoghi/resource/Region/Sicilia,Free Entry
http://dati.beniculturali.it/mibact/luoghi/resource/CulturalInstituteOrSite/111772,Archivio di Stato di Ferrara,http://dati.beniculturali.it/mibact/luoghi/resource/City/Ferrara,http://dati.beniculturali.it/mibact/luoghi/resource/Region/Emilia-Romagna,Free Entry
http://dati.beniculturali.it/mibact/luoghi/resource/CulturalInstituteOrSite/7036,Archivio di Stato di Lucca - Sede distaccata,http://dati.beniculturali.it/mibact/luoghi/resource/City/Lucca,http://dati.beniculturali.it/mibact/luoghi/resource/Region/Toscana,Free Entry
http://dati.beniculturali.it/mibact/luoghi/resource/CulturalInstituteOrSite/150148,Archivio di Stato di Pordenone,http://dati.beniculturali.it/mibact/luoghi/resource/City/Pordenone,http://dati.beniculturali.it/mibact/luoghi/resource/Region/Friuli-Venezia_Giulia,Free Entry
http://dati.beniculturali.it/mibact/luoghi/resource/CulturalInstituteOrSite/126365,Archivio di Stato di Mantova,http://dati.beniculturali.it/mibact/luoghi/resource/City/Mantova,http://dati.beniculturali.it/mibact/luoghi/resource/Region/Lombardia,Free Entry
http://dati.beniculturali.it/mibact/luoghi/resource/CulturalInstituteOrSite/20697,Archivio di Stato di Grosseto,http://dati.beniculturali.it/mibact/luoghi/resource/City/Grosseto,http://dati.beniculturali.it/mibact/luoghi/resource/Region/Toscana,Free Entry
http://dati.beniculturali.it/mibact/luoghi/resource/CulturalInstituteOrSite/116649,Archivio di Stato di Bolzano,http://dati.beniculturali.it/mibact/luoghi/resource/City/Bolzano_Bozen,http://dati.beniculturali.it/mibact/luoghi/resource/Region/Trentino-Alto_Adige,Free Entry
http://dati.beniculturali.it/mibact/luoghi/resource/CulturalInstituteOrSite/20699,Archivio di Stato di Genova,http://dati.beniculturali.it/mibact/luoghi/resource/City/Genova,http://dati.beniculturali.it/mibact/luoghi/resource/Region/Liguria,Free Entry
http://dati.beniculturali.it/mibact/luoghi/resource/CulturalInstituteOrSite/143832,Archivio di Stato di Ravenna,http://dati.beniculturali.it/mibact/luoghi/resource/City/Ravenna,http://dati.beniculturali.it/mibact/luoghi/resource/Region/Emilia-Romagna,Free Entry
http://dati.beniculturali.it/mibact/luoghi/resource/CulturalInstituteOrSite/110914,Archivio di Stato di Rovigo,http://dati.beniculturali.it/mibact/luoghi/resource/City/Rovigo,http://dati.beniculturali.it/mibact/luoghi/resource/Region/Veneto,Free Entry
http://dati.beniculturali.it/mibact/luoghi/resource/CulturalInstituteOrSite/116636,Archivio di Stato di Asti,http://dati.beniculturali.it/mibact/luoghi/resource/City/Asti,http://dati.beniculturali.it/mibact/luoghi/resource/Region/Piemonte,Free Entry
http://dati.beniculturali.it/mibact/luoghi/resource/CulturalInstituteOrSite/128686,Archivio di Stato di Parma,http://dati.beniculturali.it/mibact/luoghi/resource/City/Parma,http://dati.beniculturali.it/mibact/luoghi/resource/Region/Emilia-Romagna,Free Entry
http://dati.beniculturali.it/mibact/luoghi/resource/CulturalInstituteOrSite/126364,Archivio di Stato di La Spezia,http://dati.beniculturali.it/mibact/luoghi/resource/City/La_Spezia,http://dati.beniculturali.it/mibact/luoghi/resource/Region/Liguria,Free Entry
http://dati.beniculturali.it/mibact/luoghi/resource/CulturalInstituteOrSite/126367,Archivio di Stato di Potenza,http://dati.beniculturali.it/mibact/luoghi/resource/City/Potenza,http://dati.beniculturali.it/mibact/luoghi/resource/Region/Basilicata,Free Entry
http://dati.beniculturali.it/mibact/luoghi/resource/CulturalInstituteOrSite/136272,Archivio di Stato dell'Aquila. Sezione di Avezzano,http://dati.beniculturali.it/mibact/luoghi/resource/City/Avezzano,http://dati.beniculturali.it/mibact/luoghi/resource/Region/Abruzzo,Free Entry
http://dati.beniculturali.it/mibact/luoghi/resource/CulturalInstituteOrSite/20684,Archivio di Stato di Prato,http://dati.beniculturali.it/mibact/luoghi/resource/City/Prato,http://dati.beniculturali.it/mibact/luoghi/resource/Region/Toscana,Free Entry
http://dati.beniculturali.it/mibact/luoghi/resource/CulturalInstituteOrSite/122173,Archivio di Stato di Siracusa,http://dati.beniculturali.it/mibact/luoghi/resource/City/Siracusa,http://dati.beniculturali.it/mibact/luoghi/resource/Region/Sicilia,Free Entry
http://dati.beniculturali.it/mibact/luoghi/resource/CulturalInstituteOrSite/116719,Archivio di Stato di Cremona,http://dati.beniculturali.it/mibact/luoghi/resource/City/Cremona,http://dati.beniculturali.it/mibact/luoghi/resource/Region/Lombardia,Free Entry
http://dati.beniculturali.it/mibact/luoghi/resource/CulturalInstituteOrSite/116659,Archivio di Stato di Como,http://dati.beniculturali.it/mibact/luoghi/resource/City/Como,http://dati.beniculturali.it/mibact/luoghi/resource/Region/Lombardia,Free Entry
http://dati.beniculturali.it/mibact/luoghi/resource/CulturalInstituteOrSite/20705,Archivio di Stato di Benevento,http://dati.beniculturali.it/mibact/luoghi/resource/City/Benevento,http://dati.beniculturali.it/mibact/luoghi/resource/Region/Campania,Free Entry
http://dati.beniculturali.it/mibact/luoghi/resource/CulturalInstituteOrSite/128159,Archivio di Stato di Macerata - Sezione di Camerino,http://dati.beniculturali.it/mibact/luoghi/resource/City/Camerino,http://dati.beniculturali.it/mibact/luoghi/resource/Region/Marche,Free Entry
http://dati.beniculturali.it/mibact/luoghi/resource/CulturalInstituteOrSite/120074,Archivio di Stato di Forlì-Cesena. Sezione di Cesena,http://dati.beniculturali.it/mibact/luoghi/resource/City/Cesena,http://dati.beniculturali.it/mibact/luoghi/resource/Region/Emilia-Romagna,Free Entry
http://dati.beniculturali.it/mibact/luoghi/resource/CulturalInstituteOrSite/158251,Archivio di Stato di Rimini,http://dati.beniculturali.it/mibact/luoghi/resource/City/Rimini,http://dati.beniculturali.it/mibact/luoghi/resource/Region/Emilia-Romagna,Free Entry
http://dati.beniculturali.it/mibact/luoghi/resource/CulturalInstituteOrSite/114594,Archivio di Stato di Terni,http://dati.beniculturali.it/mibact/luoghi/resource/City/Terni,http://dati.beniculturali.it/mibact/luoghi/resource/Region/Umbria,Free Entry
http://dati.beniculturali.it/mibact/luoghi/resource/CulturalInstituteOrSite/20694,Archivio di Stato di Isernia,http://dati.beniculturali.it/mibact/luoghi/resource/City/Isernia,http://dati.beniculturali.it/mibact/luoghi/resource/Region/Molise,Free Entry
http://dati.beniculturali.it/mibact/luoghi/resource/CulturalInstituteOrSite/116627,Archivio di Stato di Agrigento,http://dati.beniculturali.it/mibact/luoghi/resource/City/Agrigento,http://dati.beniculturali.it/mibact/luoghi/resource/Region/Sicilia,Free Entry
http://dati.beniculturali.it/mibact/luoghi/resource/CulturalInstituteOrSite/116657,Archivio di Stato di Chieti,http://dati.beniculturali.it/mibact/luoghi/resource/City/Chieti,http://dati.beniculturali.it/mibact/luoghi/resource/Region/Abruzzo,Free Entry
http://dati.beniculturali.it/mibact/luoghi/resource/CulturalInstituteOrSite/136281,Archivio di Stato di Reggio Calabria. Sezione di Locri,http://dati.beniculturali.it/mibact/luoghi/resource/City/Locri,http://dati.beniculturali.it/mibact/luoghi/resource/Region/Calabria,Free Entry
http://dati.beniculturali.it/mibact/luoghi/resource/CulturalInstituteOrSite/114711,Archivio di Stato di Imperia,http://dati.beniculturali.it/mibact/luoghi/resource/City/Imperia,http://dati.beniculturali.it/mibact/luoghi/resource/Region/Liguria,Free Entry
http://dati.beniculturali.it/mibact/luoghi/resource/CulturalInstituteOrSite/105130,Archivio di Stato di Reggio Calabria,http://dati.beniculturali.it/mibact/luoghi/resource/City/Reggio_di_Calabria,http://dati.beniculturali.it/mibact/luoghi/resource/Region/Calabria,Free Entry
http://dati.beniculturali.it/mibact/luoghi/resource/CulturalInstituteOrSite/158253,Archivio di Stato di Bologna,http://dati.beniculturali.it/mibact/luoghi/resource/City/Bologna,http://dati.beniculturali.it/mibact/luoghi/resource/Region/Emilia-Romagna,Free Entry
http://dati.beniculturali.it/mibact/luoghi/resource/CulturalInstituteOrSite/20706,Archivio di Stato di Belluno,http://dati.beniculturali.it/mibact/luoghi/resource/City/Belluno,http://dati.beniculturali.it/mibact/luoghi/resource/Region/Veneto,Free Entry
http://dati.beniculturali.it/mibact/luoghi/resource/CulturalInstituteOrSite/116716,Archivio di Stato di Cosenza,http://dati.beniculturali.it/mibact/luoghi/resource/City/Cosenza,http://dati.beniculturali.it/mibact/luoghi/resource/Region/Calabria,Free Entry
http://dati.beniculturali.it/mibact/luoghi/resource/CulturalInstituteOrSite/20688,Archivio di Stato di Pesaro-Urbino,http://dati.beniculturali.it/mibact/luoghi/resource/City/Pesaro,http://dati.beniculturali.it/mibact/luoghi/resource/Region/Marche,Free Entry
http://dati.beniculturali.it/mibact/luoghi/resource/CulturalInstituteOrSite/126369,Archivio di Stato di Venezia,http://dati.beniculturali.it/mibact/luoghi/resource/City/Venezia,http://dati.beniculturali.it/mibact/luoghi/resource/Region/Veneto,Free Entry
http://dati.beniculturali.it/mibact/luoghi/resource/CulturalInstituteOrSite/123698,Archivio di Stato di Rieti,http://dati.beniculturali.it/mibact/luoghi/resource/City/Rieti,http://dati.beniculturali.it/mibact/luoghi/resource/Region/Lazio,Free Entry
http://dati.beniculturali.it/mibact/luoghi/resource/CulturalInstituteOrSite/20698,Archivio di Stato di Gorizia,http://dati.beniculturali.it/mibact/luoghi/resource/City/Gorizia,http://dati.beniculturali.it/mibact/luoghi/resource/Region/Friuli-Venezia_Giulia,Free Entry
http://dati.beniculturali.it/mibact/luoghi/resource/CulturalInstituteOrSite/126370,Archivio di Stato di Vibo Valentia,http://dati.beniculturali.it/mibact/luoghi/resource/City/Vibo_Valentia,http://dati.beniculturali.it/mibact/luoghi/resource/Region/Calabria,Free Entry
http://dati.beniculturali.it/mibact/luoghi/resource/CulturalInstituteOrSite/135677,Archivio di Stato di Perugia. Sezione di Gubbio,http://dati.beniculturali.it/mibact/luoghi/resource/City/Gubbio,http://dati.beniculturali.it/mibact/luoghi/resource/Region/Umbria,Free Entry
http://dati.beniculturali.it/mibact/luoghi/resource/CulturalInstituteOrSite/898,Archivio di Stato di Ancona. Sezione di Fabriano,http://dati.beniculturali.it/mibact/luoghi/resource/City/Fabriano,http://dati.beniculturali.it/mibact/luoghi/resource/Region/Marche,Free Entry
http://dati.beniculturali.it/mibact/luoghi/resource/CulturalInstituteOrSite/20110,Archivio di Stato di Vicenza. Sezione di Bassano del Grappa,http://dati.beniculturali.it/mibact/luoghi/resource/City/Bassano_del_Grappa,http://dati.beniculturali.it/mibact/luoghi/resource/Region/Veneto,Free Entry
http://dati.beniculturali.it/mibact/luoghi/resource/CulturalInstituteOrSite/122334,Archivio di Stato di Perugia,http://dati.beniculturali.it/mibact/luoghi/resource/City/Perugia,http://dati.beniculturali.it/mibact/luoghi/resource/Region/Umbria,Free Entry
http://dati.beniculturali.it/mibact/luoghi/resource/CulturalInstituteOrSite/116658,Archivio di Stato di Chieti. Sezione di Lanciano,http://dati.beniculturali.it/mibact/luoghi/resource/City/Lanciano,http://dati.beniculturali.it/mibact/luoghi/resource/Region/Abruzzo,Free Entry
http://dati.beniculturali.it/mibact/luoghi/resource/CulturalInstituteOrSite/116651,Archivio di Stato di Campobasso,http://dati.beniculturali.it/mibact/luoghi/resource/City/Campobasso,http://dati.beniculturali.it/mibact/luoghi/resource/Region/Molise,Free Entry
http://dati.beniculturali.it/mibact/luoghi/resource/CulturalInstituteOrSite/116634,Archivio di Stato di Alessandria,http://dati.beniculturali.it/mibact/luoghi/resource/City/Alessandria,http://dati.beniculturali.it/mibact/luoghi/resource/Region/Piemonte,Free Entry
http://dati.beniculturali.it/mibact/luoghi/resource/CulturalInstituteOrSite/110810,Archivio di Stato di Biella,http://dati.beniculturali.it/mibact/luoghi/resource/City/Biella,http://dati.beniculturali.it/mibact/luoghi/resource/Region/Piemonte,Free Entry
http://dati.beniculturali.it/mibact/luoghi/resource/CulturalInstituteOrSite/108550,Archivio di Stato di Napoli,http://dati.beniculturali.it/mibact/luoghi/resource/City/Napoli,http://dati.beniculturali.it/mibact/luoghi/resource/Region/Campania,Free Entry
http://dati.beniculturali.it/mibact/luoghi/resource/CulturalInstituteOrSite/116717,Archivio di Stato di Cosenza. Sezione di Castrovillari,http://dati.beniculturali.it/mibact/luoghi/resource/City/Castrovillari,http://dati.beniculturali.it/mibact/luoghi/resource/Region/Calabria,Free Entry
http://dati.beniculturali.it/mibact/luoghi/resource/CulturalInstituteOrSite/135676,Archivio di Stato di Perugia. Sezione di Assisi,http://dati.beniculturali.it/mibact/luoghi/resource/City/Assisi,http://dati.beniculturali.it/mibact/luoghi/resource/Region/Umbria,Free Entry
http://dati.beniculturali.it/mibact/luoghi/resource/CulturalInstituteOrSite/113140,Archivio di Stato di Arezzo,http://dati.beniculturali.it/mibact/luoghi/resource/City/Arezzo,http://dati.beniculturali.it/mibact/luoghi/resource/Region/Toscana,Free Entry
http://dati.beniculturali.it/mibact/luoghi/resource/CulturalInstituteOrSite/116653,Archivio di Stato di Catania. Sezione di Caltagirone,http://dati.beniculturali.it/mibact/luoghi/resource/City/Caltagirone,http://dati.beniculturali.it/mibact/luoghi/resource/Region/Sicilia,Free Entry
http://dati.beniculturali.it/mibact/luoghi/resource/CulturalInstituteOrSite/20686,Archivio di Stato di Pesaro-Urbino. Sezione di Urbino,http://dati.beniculturali.it/mibact/luoghi/resource/City/Urbino,http://dati.beniculturali.it/mibact/luoghi/resource/Region/Marche,Free Entry
http://dati.beniculturali.it/mibact/luoghi/resource/CulturalInstituteOrSite/20004,Archivio di stato di Oristano,http://dati.beniculturali.it/mibact/luoghi/resource/City/Oristano,http://dati.beniculturali.it/mibact/luoghi/resource/Region/Sardegna,Free Entry
http://dati.beniculturali.it/mibact/luoghi/resource/CulturalInstituteOrSite/121584,Archivio di Stato di Lucca,http://dati.beniculturali.it/mibact/luoghi/resource/City/Lucca,http://dati.beniculturali.it/mibact/luoghi/resource/Region/Toscana,Free Entry
http://dati.beniculturali.it/mibact/luoghi/resource/CulturalInstituteOrSite/126356,Archivio di Stato dell'Aquila,http://dati.beniculturali.it/mibact/luoghi/resource/City/L_Aquila,http://dati.beniculturali.it/mibact/luoghi/resource/Region/Abruzzo,Free Entry
http://dati.beniculturali.it/mibact/luoghi/resource/CulturalInstituteOrSite/20685,Archivio di Stato di Pescara,http://dati.beniculturali.it/mibact/luoghi/resource/City/Pescara,http://dati.beniculturali.it/mibact/luoghi/resource/Region/Abruzzo,Free Entry
http://dati.beniculturali.it/mibact/luoghi/resource/CulturalInstituteOrSite/6868,Archivio di Stato di Pistoia. Sezione di Pescia,http://dati.beniculturali.it/mibact/luoghi/resource/City/Pescia,http://dati.beniculturali.it/mibact/luoghi/resource/Region/Toscana,Free Entry
http://dati.beniculturali.it/mibact/luoghi/resource/CulturalInstituteOrSite/126372,Archivio di Stato di Viterbo,http://dati.beniculturali.it/mibact/luoghi/resource/City/Viterbo,http://dati.beniculturali.it/mibact/luoghi/resource/Region/Lazio,Free Entry
http://dati.beniculturali.it/mibact/luoghi/resource/CulturalInstituteOrSite/145986,Archivio di Stato di Verbania,http://dati.beniculturali.it/mibact/luoghi/resource/City/Verbania,http://dati.beniculturali.it/mibact/luoghi/resource/Region/Piemonte,Free Entry
http://dati.beniculturali.it/mibact/luoghi/resource/CulturalInstituteOrSite/20681,Archivio di Stato di Verona,http://dati.beniculturali.it/mibact/luoghi/resource/City/Verona,http://dati.beniculturali.it/mibact/luoghi/resource/Region/Veneto,Free Entry
http://dati.beniculturali.it/mibact/luoghi/resource/CulturalInstituteOrSite/136277,Archivio di Stato di Matera,http://dati.beniculturali.it/mibact/luoghi/resource/City/Matera,http://dati.beniculturali.it/mibact/luoghi/resource/Region/Basilicata,Free Entry
http://dati.beniculturali.it/mibact/luoghi/resource/CulturalInstituteOrSite/136283,Archivio di Stato di Reggio Calabria. Sezione di Palmi,http://dati.beniculturali.it/mibact/luoghi/resource/City/Palmi,http://dati.beniculturali.it/mibact/luoghi/resource/Region/Calabria,Free Entry
http://dati.beniculturali.it/mibact/luoghi/resource/CulturalInstituteOrSite/20711,Archivio di Stato di Ancona,http://dati.beniculturali.it/mibact/luoghi/resource/City/Ancona,http://dati.beniculturali.it/mibact/luoghi/resource/Region/Marche,Free Entry
http://dati.beniculturali.it/mibact/luoghi/resource/CulturalInstituteOrSite/127086,Archivio di Stato di Firenze,http://dati.beniculturali.it/mibact/luoghi/resource/City/Firenze,http://dati.beniculturali.it/mibact/luoghi/resource/Region/Toscana,Free Entry
http://dati.beniculturali.it/mibact/luoghi/resource/CulturalInstituteOrSite/103147,Domus mazziniana,http://dati.beniculturali.it/mibact/luoghi/resource/City/Pisa,http://dati.beniculturali.it/mibact/luoghi/resource/Region/Toscana,Free Entry
http://dati.beniculturali.it/mibact/luoghi/resource/CulturalInstituteOrSite/100439,Archivio della fotografia,http://dati.beniculturali.it/mibact/luoghi/resource/City/La_Spezia,http://dati.beniculturali.it/mibact/luoghi/resource/Region/Liguria,Free Entry
http://dati.beniculturali.it/mibact/luoghi/resource/CulturalInstituteOrSite/154896,Archivio Storico Regione Liguria,http://dati.beniculturali.it/mibact/luoghi/resource/City/Genova,http://dati.beniculturali.it/mibact/luoghi/resource/Region/Liguria,Free Entry
http://dati.beniculturali.it/mibact/luoghi/resource/CulturalInstituteOrSite/150879,Villa Vicentini Miniussi,http://dati.beniculturali.it/mibact/luoghi/resource/City/Ronchi_dei_Legionari,http://dati.beniculturali.it/mibact/luoghi/resource/Region/Friuli-Venezia_Giulia,Free Entry
http://dati.beniculturali.it/mibact/luoghi/resource/CulturalInstituteOrSite/101958,Collezione storica ATC Bologna,http://dati.beniculturali.it/mibact/luoghi/resource/City/Bologna,http://dati.beniculturali.it/mibact/luoghi/resource/Region/Emilia-Romagna,Free Entry
